time_sampling,stoc_pol_mean,stoc_pol_std,stoc_pol_max,stoc_pol_min,alpha,delta,time_vpg,time_npg,kl_dist,surr_improvement,running_score,num_samples,time_VF,VF_error_before,VF_error_after,eval_score
0.21031761169433594,-150.30074610778868,19.569489740777904,-89.5776884862154,-188.8133262807405,4.990869229863498,0.1,0.17095232009887695,0.03775358200073242,0.043083135,0.015874628,-150.30074610778868,15000,0.182969331741333,0.99838228173818,0.054870581315882475,-89.61963047600102
0.2086787223815918,-91.17846675465657,22.04773331540894,-53.53805382408667,-139.6888343648591,15.04871636360911,0.1,0.0005352497100830078,0.0037147998809814453,0.045047674,0.0066373087,-144.38851817247547,14852,0.24071931838989258,0.9535882906020411,0.09075500924505868,-127.22993170799161
0.10584306716918945,-104.30053451422927,26.97006327316963,-54.173088315370975,-132.83046067141203,19.51505619496889,0.1,0.0011262893676757812,0.007992744445800781,0.040829945,0.004931618,-140.37971980665085,9940,0.16844534873962402,0.18166512003626634,0.13895152763488489,-120.07022219567179
0.2075941562652588,-125.68892696807843,21.92755203336578,-54.80854425304588,-177.95699308333164,18.915677126617467,0.1,0.0005500316619873047,0.0036878585815429688,0.049206473,0.001970556,-138.9106405227936,14290,0.4165933132171631,0.12466811279679132,0.05551303381811818,-138.98230529687393
0.20784974098205566,-140.23081565201605,18.80512081037948,-92.50998172319946,-185.59655468154102,11.107404160294898,0.1,0.0005512237548828125,0.0035936832427978516,0.041895468,0.007084936,-139.04265803571585,15000,0.6874794960021973,0.0470225735893524,0.02328192814970298,-69.93525418958674
0.10588407516479492,-100.63415474541877,26.03128474568871,-53.57482296818129,-132.0776799438444,5.807849597222838,0.1,0.0005636215209960938,0.0038793087005615234,0.047507506,0.012020092,-135.20180770668614,10998,0.48511195182800293,0.30919940854620254,0.13346514784151456,-93.26779926035832
